experience,projects,training_hours,attendance,feedback_score,salary,performance
7,3,43,0.9024854455800707,4.0492104980038395,99823,Medium
15,2,9,0.7834092035527562,1.1557520667506624,52230,Medium
11,1,69,0.7156979087890618,4.348478511322609,104573,Medium
8,7,17,0.9600332732065923,3.4781048001452133,112588,Medium
7,7,89,0.6464555840802102,3.2535814028505605,88876,Medium
19,2,94,0.9823675315821276,3.4984561924581263,60644,High
11,7,89,0.7255866869509411,4.457732987473456,68664,Medium
11,8,57,0.9553614689234725,3.3477460262356282,65203,Medium
4,1,86,0.8411771505917847,3.3238015195527173,86677,Medium
8,9,49,0.930682943896595,4.962716628263063,45425,High
3,7,36,0.9936052652841857,4.026920668274272,104817,Medium
2,3,40,0.7153621751274983,2.769175221804541,105961,Low
12,8,85,0.9844541941630371,3.829588000131711,117649,Medium
6,7,64,0.7557927579609681,2.556921886767154,89806,Medium
2,8,15,0.7542047618947689,1.915501849933996,62814,Low
1,6,67,0.7361548417018022,3.3874075075510377,90219,Medium
12,9,25,0.816563042939034,4.712728392455806,69646,High
12,5,56,0.6616580172713948,4.716558080061851,59884,Medium
17,3,59,0.8214845941432045,2.3676211124219613,115345,Medium
10,3,30,0.8166819249640016,3.11070986488678,89322,Medium
16,1,72,0.904760725041948,1.8465435942794448,41650,Medium
15,8,38,0.9334599847750342,4.982524437995534,114242,High
15,2,56,0.7761765401249696,4.924471631471743,29190,Medium
19,3,86,0.7209332997405975,3.5980357188297893,58196,Medium
12,8,97,0.7037339589268378,4.2176562387098935,59449,Medium
3,8,56,0.6778495346819488,3.8604006451348,59661,Medium
5,4,33,0.62305903287961,3.3726328761578728,49709,Medium
19,4,42,0.7369791915338854,1.2133919879555908,100428,Medium
7,5,46,0.7080990768523133,2.8190573702106443,95179,Medium
9,6,25,0.9865669543465629,3.699145208669642,29943,Medium
7,5,46,0.8230835305000176,3.7101264555347386,63240,Medium
18,7,17,0.7389108156122031,2.4924904736895344,65760,Medium
4,2,68,0.8321870403974784,4.766767946632122,41042,Medium
14,7,21,0.6556786805382782,1.669428128947124,63894,Medium
18,7,13,0.7776174996808811,3.0014377848622424,26869,Medium
9,1,45,0.8504937285684255,3.763535906203291,81078,Medium
2,7,5,0.7955591327169805,3.788543223567237,76759,Medium
15,5,6,0.7607115202617297,3.5945558270752622,64306,Medium
7,3,64,0.9975393555598793,2.1011528538074407,75371,Medium
12,3,52,0.9521259048595708,1.6248262747464879,40918,Medium
8,4,33,0.849362383263776,3.5437613073068435,48379,Medium
15,2,14,0.8277509444729131,3.397208464557751,110810,Medium
3,2,62,0.8482641919298336,1.717424041156964,103232,Low
14,1,64,0.6805248431289733,3.8205565822822534,22962,Medium
17,5,25,0.7580550973057274,2.8206879669346256,33851,Medium
4,4,32,0.6157838131563597,3.6710423664126117,65747,Medium
18,2,79,0.7902184149947307,4.349468319080603,72349,Medium
8,3,38,0.8172098335830653,1.6789137143076927,90832,Medium
4,7,12,0.6910998944412838,1.0765794719873467,76356,Low
2,7,63,0.9856115388662054,4.116410345583147,34745,Medium
6,4,90,0.9637818443748968,3.4387897006104637,25730,Medium
10,5,76,0.8888572941823623,3.798558278488487,33921,Medium
4,5,53,0.813354651506145,4.35261989995457,118430,Medium
18,6,83,0.947987663859074,4.211243739298002,91138,High
12,9,21,0.6522609375293852,4.843680587715299,103111,Medium
2,2,64,0.916203917709954,3.143740315408473,39023,Medium
10,5,91,0.6499283255867393,2.9539825306396215,65349,Medium
4,3,92,0.9176842650197622,2.6075487995629203,101533,Medium
14,4,49,0.7103070273005427,1.6147641713768182,103286,Medium
16,6,87,0.9508362324072756,3.2904289315280897,61979,Medium
15,8,73,0.9776168375301592,2.108050097303915,42837,Medium
8,1,36,0.6595183877620462,4.685230048851902,34997,Medium
14,8,48,0.7850702420261574,3.3327632171083903,108603,Medium
8,7,69,0.992394951265074,3.3713607220324406,65039,Medium
16,1,91,0.7933629743892586,2.41969864350804,40923,Medium
13,2,12,0.9454190090058181,1.20795740791083,28876,Medium
18,3,81,0.835492608852528,1.1269750614919545,80973,Medium
15,1,76,0.7501319631678407,2.69334057661279,22887,Medium
13,9,91,0.7143134222103481,1.3382615123889514,83723,Medium
9,8,47,0.681289236434435,3.4273878221605565,62422,Medium
15,2,5,0.9047192765510789,4.52389202255863,71413,Medium
13,9,55,0.7546162027292111,4.531659266074889,22841,Medium
1,7,28,0.8045101848803005,3.6361816405289296,48756,Medium
7,9,28,0.7969301920004728,1.844927325891724,91576,Medium
9,6,21,0.8309116116932524,4.451987325435488,30304,Medium
1,6,9,0.9462308582498209,4.544373741252833,50341,Medium
12,4,24,0.9922957374333717,1.7866143398118348,24758,Medium
8,2,25,0.7630336834295268,3.949704343082709,37010,Medium
11,7,62,0.9310075688425212,2.146078195708492,80758,Medium
19,5,35,0.9058111178618871,4.210561249411718,51658,High
17,6,15,0.8294115805822293,4.988951599614411,69002,High
8,2,56,0.9824188574447732,1.1201040213175713,21375,Medium
3,5,19,0.6801898062113612,4.589463463163728,119485,Medium
3,4,87,0.6437056841238485,3.490522134394632,42092,Medium
1,9,11,0.9415847867821688,4.893530476659285,20490,Medium
5,6,32,0.7756599266534994,2.8600380701057104,23729,Medium
10,2,55,0.9387875416828242,4.3895517222854945,25974,Medium
7,1,62,0.957236082078166,1.249576274393109,105216,Medium
9,5,9,0.6249830374476285,2.341116200313183,103860,Medium
7,9,9,0.9533859051944242,1.2680661510048399,116870,Medium
9,6,98,0.7793276221477689,4.901372533916282,41398,Medium
8,7,12,0.8041729956016929,4.267895629087347,54650,Medium
12,5,68,0.8506370044372841,4.410189684983882,41292,Medium
2,6,14,0.9705530426920347,4.751860925735577,23159,Medium
1,5,42,0.6076464377719056,1.3404139444791414,118162,Low
16,9,96,0.7907373873271268,2.5423903700533335,82766,Medium
5,6,85,0.8750888169722242,1.2841395561760085,114887,Medium
3,8,99,0.8890827830792913,1.8431724062001145,37065,Medium
12,2,12,0.8770129726148432,1.9174631081506894,41638,Medium
8,9,29,0.6537740517632488,2.8764288441903147,21073,Medium
3,5,77,0.7197582353486724,2.0742486698145703,66511,Low
1,7,70,0.7434862101668054,1.4039124272710444,104307,Low
3,1,83,0.921774883071802,1.6699643563764308,49320,Low
5,5,54,0.7115039489658213,1.5891022542083637,89876,Low
15,2,71,0.6842819855468812,4.892307191649193,54924,Medium
14,6,53,0.9829792076152385,4.037170027673895,101720,High
3,1,40,0.6035453140453876,4.871045861078247,60734,Medium
1,3,72,0.9991283422727912,2.758961946031634,88116,Medium
5,5,82,0.8707285195429582,2.1134739266506264,60025,Medium
14,4,45,0.9313877197796468,4.193172788836747,114503,Medium
7,3,93,0.7178477585384773,2.305015672164587,22159,Medium
9,5,66,0.605726111066824,2.197533494821393,68940,Medium
15,8,14,0.895147807424612,1.9300239688313248,99436,Medium
15,4,25,0.9336578388002703,1.5187159128969414,96976,Medium
10,1,40,0.8961904527814076,2.025852244067064,34678,Medium
13,7,16,0.6571401149203354,2.421278993895551,81075,Medium
19,8,95,0.9013711689027877,3.6959768325829216,67204,High
7,3,6,0.9075691128430564,1.2502593688778063,32021,Medium
17,6,17,0.863416206268022,1.8420277586613718,26772,Medium
4,2,57,0.9064463731182345,4.236094561166706,87163,Medium
5,7,36,0.9383685758710929,1.587687694335083,93755,Medium
7,8,99,0.8454416456949834,2.370580586090086,43464,Medium
13,6,20,0.6354418855878716,4.45863568743256,71137,Medium
15,6,36,0.7950511238668844,1.6197012445737706,50232,Medium
11,5,36,0.631059733868642,1.3309473424727596,81497,Low
4,8,15,0.7630172124129724,2.9381519803200433,94024,Medium
13,1,14,0.762842595650251,2.2096780451141456,71448,Medium
7,4,19,0.6264039376560966,3.2536334579354165,104517,Medium
19,4,21,0.7395282135877917,4.215219561933901,20901,Medium
2,3,44,0.6443992395165259,1.5485939526109727,107980,Low
10,3,22,0.9232940840036888,3.32279633821714,103597,Medium
13,4,59,0.9790752103857883,3.0220350415594557,22881,Medium
6,1,77,0.6289265901031754,1.5763151440527983,49863,Low
12,2,29,0.9820460829166806,3.4959939421159296,25622,Medium
12,9,63,0.809030639734698,2.0945616714430866,21378,Medium
11,2,82,0.7198262711815495,2.95133727417605,103168,Medium
7,5,93,0.6307448301104653,1.3290892971082475,113847,Low
1,9,26,0.8002497072281671,2.838336228854492,91186,Medium
1,9,34,0.9178062177962995,2.2258538721712813,65201,Medium
13,8,88,0.8828345909066793,4.289524844741417,79251,High
9,1,89,0.6200904045855895,1.2279149079894731,92572,Low
3,1,48,0.6291607341471613,2.6744290996733198,59255,Low
7,9,36,0.7611493130530549,2.833725696525752,83212,Medium
6,8,55,0.7181161976191773,3.900024305196475,70210,Medium
8,9,50,0.6929537292224192,3.297150300360844,42499,Medium
9,7,25,0.7124017995634855,3.668849348776724,71628,Medium
5,3,36,0.9213930973187539,4.1081971426070245,81360,Medium
1,3,98,0.9716912214527416,4.448811894632755,24603,Medium
19,2,43,0.7620410778110266,2.255501986889882,113309,Medium
10,5,16,0.9624444008529989,3.152090821455612,105473,Medium
12,3,51,0.7285982804991528,4.3604323137567995,32632,Medium
15,6,22,0.7905747945375167,4.957804523860226,50607,High
9,2,25,0.6904115991263999,4.5580772441750526,111873,Medium
17,3,17,0.8561904168703376,2.485869050497507,85756,Medium
17,5,25,0.9915924460699236,1.7806660688746017,66994,Medium
12,1,12,0.8413972384173515,2.957570149626355,83382,Medium
7,1,50,0.7431256336454195,3.966565807344169,90354,Medium
2,9,11,0.8591269783962113,2.9702762830131904,76344,Medium
3,7,27,0.649168271386155,2.932723453254674,73775,Medium
17,1,79,0.9554636321061595,4.352921684327202,27349,High
5,8,90,0.8012335803119346,2.4456151162687454,91154,Medium
17,3,26,0.7797398968158569,4.4391786992465825,47464,Medium
17,8,93,0.8343459153814077,2.627219203806894,62624,Medium
17,5,26,0.849913545115761,2.3129324227133576,57344,Medium
2,1,96,0.6287103224906052,2.815959644798796,103791,Low
2,7,33,0.873046888489361,4.049787834699474,44299,Medium
5,5,17,0.6967726721262119,1.5040081114559771,67975,Low
1,6,86,0.8855810530026359,1.7856768634880695,21462,Low
1,6,6,0.9290139177536787,4.805779302652368,101441,Medium
19,8,33,0.9215834030210082,1.7019665095254295,110456,Medium
2,9,89,0.8210003869631557,3.2709092717242183,101788,Medium
12,2,83,0.8080679569243004,3.3172578666477515,60581,Medium
6,9,56,0.6571503845357647,2.958497848200979,91289,Medium
4,9,31,0.9101384601612542,3.5789809943072743,34175,Medium
11,7,54,0.7085637521786857,1.9193069031904737,26191,Medium
17,1,99,0.7986781691271786,3.210649071106993,103434,Medium
6,7,83,0.7137096371710067,2.4886930209875886,104518,Medium
5,5,27,0.6535313451998772,3.646669038516756,100158,Medium
2,6,92,0.8518230787566946,1.5648941734925979,86537,Low
6,7,48,0.6217328139291615,3.283509667357905,67645,Medium
11,5,81,0.8994580936504799,1.7410814215332948,43283,Medium
16,7,26,0.7270347181044466,2.1145722524601456,106971,Medium
16,9,47,0.6000538772017942,1.874839201294333,112759,Medium
1,3,41,0.804451655694892,1.7313511194752684,79123,Low
9,8,65,0.6187407634110412,4.302843806242668,50024,Medium
6,2,60,0.7104678231283598,2.1428302706435614,69630,Low
16,7,7,0.8827905949822865,4.708495127457797,50734,High
3,2,67,0.6250758486487463,4.879706101380764,20515,Medium
4,4,23,0.9357353969424009,3.2850418797483893,86727,Medium
19,7,27,0.6015279690634332,1.5720044906629056,117800,Medium
3,3,33,0.6987295476807609,2.498192973518325,66216,Low
19,2,34,0.8963616224608286,4.190929053392856,91833,High
7,7,43,0.7265080598917227,2.469562914788282,78755,Medium
9,1,29,0.6407569552264054,1.348068873211155,47856,Low
1,8,12,0.7440935675201712,3.2271396437127517,93870,Medium
8,3,62,0.7081573145538103,4.380483405984139,44162,Medium
7,2,20,0.937084760864222,4.183705548574009,26008,Medium
18,3,76,0.7253391670340572,1.700492560521413,27987,Medium
8,5,5,0.9155729887104029,3.691058457649867,82532,Medium
1,8,9,0.9567488579242939,1.8820170537425884,116502,Medium
11,7,7,0.7735269678306118,1.872830138208689,23332,Medium
18,7,69,0.9639772575417568,4.49628709322074,86323,High
10,7,8,0.7509272215852771,1.9986758109609206,58990,Medium
3,8,68,0.9856313665960432,2.0529893860720447,29873,Medium
7,1,93,0.6357158098102291,1.0026135630451982,102542,Low
16,4,14,0.8748077066012971,4.482676136502071,105761,High
16,6,25,0.7975256161827715,4.170379252836539,56444,Medium
17,9,50,0.7550595221822588,3.509315740362712,55340,Medium
2,2,95,0.8530847514994404,4.001063055755369,25033,Medium
1,1,31,0.8815428366537325,1.6081942696979672,93324,Low
16,2,70,0.6017453078601236,2.8332943783503017,35689,Medium
12,7,45,0.6667812354988795,2.4048775493951235,107134,Medium
5,3,17,0.8852184202537274,1.375106105028066,115239,Low
5,2,13,0.8665541654312825,2.9445219408596963,20066,Medium
9,7,40,0.9864190020514709,4.682958601370542,65246,Medium
9,2,90,0.9044151161003132,1.160236476202778,27533,Medium
3,3,94,0.9803090830925352,2.1658436539751755,100639,Medium
19,7,62,0.8810162006139228,1.8301637448228139,90152,Medium
16,4,58,0.7192208834557773,1.9525866146627853,79658,Medium
16,1,16,0.6421459689003426,4.633738207517501,58498,Medium
3,5,85,0.9127295453379742,2.8722762169371605,31772,Medium
1,9,82,0.8576596885903663,2.865197651759275,109385,Medium
11,8,18,0.6192744049573184,4.042302569821129,69036,Medium
17,9,38,0.7440201863603914,1.6179688160197032,78531,Medium
8,9,57,0.9827199261937145,2.949061416400203,32940,Medium
4,7,24,0.8001604582840804,2.719940856484239,36932,Medium
6,4,79,0.7730916544078819,3.3876427621866245,115305,Medium
8,5,20,0.7830798420637176,4.998230813001754,76827,Medium
3,1,99,0.6835530896020655,4.077795576328189,81431,Medium
16,1,74,0.747482868345918,2.5914628120697087,44648,Medium
3,3,60,0.7479253023948707,4.310212209096187,52966,Medium
18,8,87,0.6209420080749889,1.6828334532499207,47777,Medium
14,2,62,0.9070270514071673,1.1218547452358405,52567,Medium
18,4,8,0.7666017727615516,1.8177934898570922,37174,Medium
2,2,8,0.9288719547265694,2.3616462244570386,62598,Medium
3,5,24,0.9401392004479582,3.0423230298382395,79199,Medium
16,9,14,0.6847976218794632,3.4605165621647993,33798,Medium
9,1,28,0.8629413928680514,4.642422868857687,85364,Medium
4,5,30,0.7889127216651927,3.0394160382018307,37558,Medium
1,9,41,0.952062695168594,3.0051025785029175,81084,Medium
4,1,89,0.6862962716705816,1.2009720392919285,64237,Low
1,9,58,0.8711252801240177,1.1396462106248952,85497,Low
14,8,25,0.843100848901089,3.2046398476654883,20178,Medium
16,4,78,0.7181205910287332,2.752714452993378,106006,Medium
8,5,42,0.654640361460469,4.356721579921194,37118,Medium
7,5,50,0.8606559041909105,1.6427183388473807,42616,Medium
3,6,8,0.8954389832529323,1.0998866484681984,20798,Low
17,7,64,0.72625093750534,2.7961550717205035,27601,Medium
1,8,61,0.8579330416089255,1.94991422700903,45363,Medium
16,8,49,0.7580523630446013,1.1984574933553498,22795,Medium
12,2,24,0.8852827533130471,3.898393147390516,117462,Medium
19,9,21,0.6796861099576212,1.44637199982899,65264,Medium
14,7,75,0.9560860010544697,3.4332780000310867,92833,Medium
6,4,8,0.7149638385862319,2.1241990006675566,23084,Low
6,4,97,0.7471143951024611,1.693984201420088,115865,Low
13,8,18,0.6232367808321398,2.51900609167727,96646,Medium
19,4,7,0.6446048849285105,4.205783104891815,20731,Medium
8,6,92,0.8063447610849312,2.5683743076182908,21129,Medium
2,5,84,0.7070370706911886,4.003078596844222,48022,Medium
1,3,62,0.9341920902968778,1.5019451871966027,21605,Low
15,2,59,0.6058773554619815,4.091085678660317,97506,Medium
1,9,8,0.7516376194687745,1.9477332996265946,64130,Low
5,9,28,0.7349382187076371,3.709572519555491,49265,Medium
16,1,38,0.6077310523670404,3.2631262193639854,52330,Medium
19,3,34,0.649747359600204,4.716578868846749,88469,Medium
4,8,86,0.7654570699674541,2.549290071901256,35187,Medium
3,6,23,0.7971458337789786,1.2646607553377618,45791,Low
17,5,35,0.7617158989019477,1.0766219422050116,110436,Medium
17,5,64,0.8123750713648376,4.307434243891013,90610,High
12,6,64,0.8380526699622726,3.0989425506457287,111962,Medium
14,7,23,0.6039695284511343,4.100976207339797,59867,Medium
6,1,53,0.7856380637814016,1.9377024000460588,20893,Low
3,9,67,0.9853996963550353,2.380334982052935,119694,Medium
9,3,87,0.8076129120518195,1.1204154888452758,39773,Low
5,4,26,0.8710169069835813,4.845969298296449,24239,Medium
17,1,28,0.7247455431667533,3.6714716268032537,40863,Medium
14,3,80,0.9095965512611051,4.732820351037224,71415,High
3,2,34,0.909168592750446,2.0619856297162893,88968,Medium
1,2,62,0.8085184190616556,3.4458544449026434,80430,Medium
1,1,35,0.9904055293116855,3.7139998731705512,21515,Medium
3,8,68,0.6502200859050613,2.2701988010303538,117206,Low
18,3,23,0.6067790659558324,4.39243694006252,34605,Medium
10,3,52,0.9080632847028384,4.788645851600991,76240,Medium
3,6,49,0.922862214945953,4.539420470784018,25586,Medium
8,8,98,0.6480828916482305,3.95626790375749,51186,Medium
14,9,59,0.7062331331834424,2.109858718899816,46928,Medium
18,9,59,0.6070209453466515,2.126464168422527,118264,Medium
15,4,22,0.7173234443122258,4.853441281784152,103087,Medium
2,5,67,0.9092567495674686,1.0411379837427681,107029,Low
10,2,96,0.8071842110850316,3.864199892968578,40711,Medium
2,9,51,0.7392382372673152,3.8249846502210487,74962,Medium
17,8,79,0.7486957179625321,3.49075816379919,40039,Medium
8,3,61,0.6005414502861872,4.960435384347463,56561,Medium
1,9,49,0.7199202110260944,2.247517743054901,95483,Low
9,3,37,0.8585834966551722,2.3598874551729927,117871,Medium
11,9,21,0.9896777775265428,1.3157576117862222,101395,Medium
16,2,74,0.9388243307935598,2.77119254617495,108658,Medium
7,9,8,0.6094379858582116,2.0441941049393924,21577,Medium
10,8,24,0.9594242418699357,2.373546808710577,48350,Medium
3,9,51,0.9132793653194504,4.33828716102251,53798,Medium
18,5,95,0.9121504494283922,4.741938054109983,117434,High
13,2,19,0.7831983036014286,1.7429322880207425,101417,Medium
7,8,74,0.7592021171818011,2.4900357262138635,30785,Medium
4,6,51,0.721166291533277,4.714522248461576,92227,Medium
13,8,82,0.6262779435817463,1.2472338427568905,81957,Medium
1,5,79,0.6912941453974797,1.369442112445514,85431,Low
8,2,13,0.6986414539912098,1.6511639568249175,37297,Low
14,6,94,0.7936308278840807,3.380851336507499,91894,Medium
16,5,20,0.8989777626386776,1.6018890840239899,83772,Medium
14,5,73,0.7895239313591786,4.872305525802934,39581,Medium
12,1,65,0.6231377797788642,2.7868581090340814,75192,Medium
19,2,14,0.9831159203952815,3.0060718414006655,21462,Medium
15,8,54,0.9770897276376449,1.986634463221626,84173,Medium
2,3,7,0.9140758172593634,2.883841009738934,35511,Medium
2,3,81,0.9965311606256883,3.647654530548046,96106,Medium
19,8,98,0.8177929331201051,4.004708547816171,68665,High
17,8,74,0.9851073401012824,4.015472330839652,64414,High
10,2,85,0.6302420162467003,3.3115644507763533,101010,Medium
6,8,55,0.7462722993045485,4.617439099975429,92573,Medium
15,1,23,0.6901525072027064,4.269631389224438,113665,Medium
11,6,46,0.678333233653708,4.028192458794502,33386,Medium
5,8,39,0.6563211795570704,1.2224220867218425,74460,Low
1,3,50,0.8489654566263987,1.0275118488785973,26221,Low
8,8,30,0.912528742298922,1.8497891087818918,43474,Medium
12,1,73,0.8313193597681443,3.654094375653809,41045,Medium
12,9,97,0.6587850838352839,2.6447899555301833,111319,Medium
5,9,68,0.9244495079733883,2.609625037197247,24922,Medium
7,5,41,0.8543818828654914,4.538347552918455,42706,Medium
4,4,88,0.7552662824507982,4.582251392527355,62771,Medium
6,6,53,0.8696521182144252,4.636701056214343,72335,Medium
13,7,25,0.7039619916971331,2.255512306060109,118015,Medium
15,5,78,0.7380768833976842,3.764223250957047,72949,Medium
3,9,68,0.966994337252796,2.0865327250974786,90714,Medium
8,3,9,0.7162018022685681,1.7624393322977991,115558,Low
16,7,74,0.7879953072631747,1.7385298293894769,35240,Medium
13,5,94,0.9560564549584059,2.368430483454376,111756,Medium
18,7,8,0.883088540107011,2.719830479119287,22716,Medium
10,2,43,0.624881290465881,4.323796684220273,36574,Medium
19,4,39,0.6589212177115881,1.4795643738908484,103255,Medium
17,2,5,0.6031366363087667,3.9397033895795768,93717,Medium
19,7,28,0.8523687160916653,3.1258196567572214,64066,Medium
5,2,61,0.7790693701641673,2.15178137070397,81826,Low
9,1,74,0.6537099403609102,2.9712783381312984,40213,Medium
12,9,45,0.9831736484227082,2.1997682791080906,91916,Medium
1,1,58,0.811863889578248,3.384327820953224,86151,Medium
1,8,50,0.6967573176451557,2.735375691420977,70906,Medium
15,2,64,0.8002414284618831,1.657622116315515,20463,Medium
2,8,64,0.8718481330940431,1.4663322982227869,51973,Low
16,3,61,0.6304956871894257,3.1867827282885206,94694,Medium
8,6,35,0.7098815260191568,4.609652133144413,40651,Medium
13,3,88,0.9227861963535975,2.375830746230742,88694,Medium
1,7,28,0.7838659481610645,3.932000428890493,40008,Medium
16,9,93,0.8186308568129179,3.634645419759068,90474,Medium
7,2,40,0.7731264008837877,4.726219657237924,58185,Medium
5,5,89,0.617559977057202,4.283924069196564,107924,Medium
3,6,34,0.6662999119280624,3.266421035621852,94417,Medium
12,4,28,0.7782166554967563,3.6281219929364292,91139,Medium
16,4,34,0.6836741861631711,4.5935458663361395,54980,Medium
19,4,90,0.6199916114638715,2.598075138347739,42504,Medium
5,2,96,0.9374598656207295,2.3071788234311095,74970,Medium
14,4,11,0.9924770116656463,1.0432443345407854,36766,Medium
5,1,39,0.9172571495986958,4.306204296765857,113922,Medium
15,6,59,0.9415139686818668,4.2039228016134595,31695,High
17,1,96,0.6967908521268181,1.4178180724006055,37796,Medium
14,6,18,0.98425079020528,3.307429524530801,62543,Medium
5,1,14,0.6787702817813713,2.8559267926675496,34559,Low
12,6,84,0.9805719241447329,1.4748363820364458,53139,Medium
16,8,20,0.9979277175863804,4.922272908242894,28802,High
16,2,58,0.8846891222984195,1.8587835498534218,93843,Medium
7,2,99,0.9924574927167288,1.2689367203622446,60205,Medium
4,4,93,0.8278159118268414,3.3793895180076383,118750,Medium
1,3,81,0.7038167132704362,3.9554667085321307,54159,Medium
5,4,74,0.7747983542662483,1.1297737841887479,31516,Low
10,7,48,0.8374243741515144,3.6348705549080886,70492,Medium
5,1,77,0.629232624810806,3.1291675038058178,49086,Low
4,6,49,0.8489373058468984,1.4130600355001937,50480,Low
2,3,60,0.9924711347049178,1.6900955077854483,72091,Medium
10,7,88,0.676043059913491,3.271897189264322,67766,Medium
19,2,86,0.9170380465153534,2.1854304540531535,58737,Medium
1,2,61,0.9631595175118477,4.753262914605264,29265,Medium
5,4,25,0.9774806371280883,4.274960917936204,90990,Medium
13,1,72,0.9840542417621789,4.934268826054652,111717,High
4,3,54,0.8085838554885888,2.038683355801656,35386,Low
16,9,37,0.9909231631966015,4.878894531191908,57425,High
16,7,95,0.9029240828537756,2.7249354791662315,63254,Medium
2,7,11,0.6646685744947848,2.3900751812550185,109863,Low
17,4,74,0.790760042587188,1.201398107877413,73634,Medium
12,2,19,0.8873324701488016,1.2110610314384105,106717,Medium
18,4,86,0.6989361263276334,3.7680450237866188,67662,Medium
3,6,36,0.8562460734195549,2.8317159777361116,106988,Medium
1,3,79,0.8666401916186477,1.9060865041444228,119287,Low
1,1,24,0.6650798975234263,3.4558812253009306,107527,Low
19,8,92,0.8260341249811025,2.0114324730004447,95452,Medium
11,5,19,0.9086507643914431,3.3105270173776904,30143,Medium
5,5,52,0.7995582658143767,2.4368349879307614,111391,Medium
12,4,75,0.6048412467104429,4.294208906447276,35581,Medium
3,6,25,0.6036153876317168,4.282784643067117,87443,Medium
1,3,46,0.7428117375880049,2.9094015924896053,49424,Low
1,9,30,0.9704776273727128,2.4032764373400624,108844,Medium
8,5,18,0.6914707118414435,2.450239186236378,61984,Medium
10,3,61,0.8537454755486749,4.2228581026728715,61505,Medium
11,1,41,0.6888303482773283,2.312717931190448,82699,Medium
12,6,62,0.7286679958638195,1.836237494827384,46957,Medium
13,2,25,0.9392168358405936,1.3387533675012273,45464,Medium
12,3,86,0.8915445769079787,2.8667724835376336,43649,Medium
14,1,73,0.6381597109252842,2.9285283956793675,62065,Medium
2,9,7,0.7714808083945734,4.363634841611629,112661,Medium
19,8,91,0.6116679054581058,1.884954785784256,54758,Medium
18,2,94,0.7923560586412036,2.5239650946735996,25596,Medium
3,8,41,0.8649736046804273,4.233622955574764,36374,Medium
17,9,92,0.6474010494392606,4.2944944429958944,23775,Medium
8,1,53,0.7155539755636663,2.538444303915073,47388,Medium
10,5,23,0.7591346502008628,2.8364960931467236,41029,Medium
2,8,93,0.9678124098624199,2.2131435633971317,103981,Medium
19,2,89,0.9973020061691856,4.730219513677248,73639,High
9,4,16,0.6179645195982463,1.4745750629663212,34645,Low
7,7,65,0.9044031693981568,4.73499769200588,51105,Medium
4,3,45,0.7486896265609373,3.735465807341373,33668,Medium
18,5,37,0.756983274491792,3.1262886107469248,35960,Medium
13,8,54,0.9017059893388091,1.1306362431379835,31357,Medium
11,3,72,0.9673705728581634,2.902384767288033,84604,Medium
4,4,75,0.9803714378010193,2.630992420010929,71796,Medium
4,9,90,0.8308490344153283,1.6448752479004902,35804,Medium
10,7,37,0.7428484637202011,3.6256384140026277,34626,Medium
5,1,85,0.9150196343435117,4.884603629473143,48132,Medium
9,4,28,0.7004005533049201,3.2487552442581005,27951,Medium
3,4,65,0.8256296115334071,3.8590131057757833,26449,Medium
17,9,65,0.7434313846099493,1.2738018102640671,39065,Medium
3,6,32,0.8626524294831504,2.670667983267979,29130,Medium
16,9,62,0.6961595651574027,1.4654339406579835,109360,Medium
4,6,47,0.6766371782939303,3.4511833421460416,82287,Medium
18,6,45,0.9672956346701749,4.753928632856619,71702,High
17,5,43,0.6407214731798148,3.647110929886554,56993,Medium
7,5,90,0.8023831630939726,1.3072121932576861,51875,Low
5,2,53,0.6883411131852035,2.4186648199403313,26054,Low
12,8,21,0.6155719853302669,3.202653517763406,119809,Medium
17,8,74,0.6144075273165706,2.612831024533009,68517,Medium
13,1,74,0.670088708842331,4.334576041900689,96368,Medium
3,8,69,0.9467081418024001,4.258684018839957,49670,Medium
9,5,78,0.7129914975908107,3.4473240804128857,69112,Medium
17,2,89,0.9801836682301183,2.493831780530821,108388,Medium
17,2,9,0.8326489171956775,2.0213454950529766,109156,Medium
16,6,6,0.7746456759075064,1.4234972728525173,48307,Medium
13,9,26,0.8320355338677818,2.419590733946216,87087,Medium
19,1,61,0.8066793540905071,2.652690068830878,67922,Medium
17,6,70,0.9035105015029301,3.7032917004162944,83080,High
4,9,78,0.7129984263891409,3.632639297190294,113348,Medium
12,8,20,0.741220156640121,1.2804325585650278,99335,Medium
9,6,55,0.9576377210133002,2.581037261724631,46312,Medium
19,3,43,0.9785826052601622,1.7271154688694477,86985,Medium
12,8,90,0.9570232909945898,1.6272508212672228,77608,Medium
9,9,80,0.7677791975829255,4.309208598948984,109962,Medium
7,1,92,0.9121462012027527,1.1676608668650301,60277,Low
14,9,44,0.7905342933204396,2.6767315036084853,51551,Medium
19,6,42,0.7990159408584409,1.6728146230660728,109813,Medium
15,6,64,0.6818720436229135,4.5173208627138965,76597,Medium
16,4,63,0.8364521213034066,3.2281620531001405,65212,Medium
5,1,14,0.6744543591013391,1.925522545507392,29637,Low
3,8,68,0.7326258796268775,3.0097091486655057,63258,Medium
12,2,67,0.942012080647974,3.9259454388124633,55693,Medium
4,1,53,0.682830323684342,4.8324720356777355,29824,Medium
16,2,68,0.6284633140693731,1.8817840169816757,46950,Medium
7,1,36,0.6276030370451265,4.54472708851738,43488,Medium
13,1,11,0.9763138082012431,4.737216456669961,20215,Medium
10,9,25,0.8027681751847339,4.6656821781282645,31523,Medium
7,1,24,0.7637648287268073,3.5416574274476393,95900,Medium
14,4,30,0.9243514324031674,3.5192826177388308,88689,Medium
5,6,72,0.9343303711642064,2.612842532735291,43834,Medium
3,7,90,0.7328764132462419,4.009591529215152,54474,Medium
11,2,19,0.877447222989518,3.1251760734037277,63066,Medium
11,6,89,0.9084491263407546,3.709752284913178,119871,Medium
18,7,83,0.8618602747463817,2.713831615395182,30400,Medium
15,2,90,0.6606380299200397,3.9259858561725562,30345,Medium
12,2,96,0.9503532334068228,4.297886070418196,53896,Medium
9,7,18,0.8156378210944035,1.5857450264112645,105430,Medium
10,1,31,0.7129889705480015,4.331718862296912,48899,Medium
12,8,44,0.7700912741750776,3.161186127161229,48229,Medium
17,3,62,0.6150284361595629,4.378663636360898,25583,Medium
6,6,32,0.651146720488967,2.7252068253640584,24897,Medium
7,9,30,0.9062187002063443,2.51616194153214,91537,Medium
14,6,67,0.6000046539021464,4.66024293006889,24567,Medium
13,9,70,0.7666263313929169,2.004677070193605,94807,Medium
8,7,29,0.8090040724342353,4.376849301144572,97239,Medium
10,9,7,0.6218537680003889,2.9360822900376164,33329,Medium
9,2,76,0.9892312651889331,3.056381770205039,91792,Medium
18,8,48,0.6904501324998688,2.233873125957936,20228,Medium
2,8,46,0.7216794878545123,3.2921688024760627,110282,Medium
5,2,10,0.7215770049020109,2.3008447851048452,102214,Low
5,4,43,0.69216666484694,1.1570776569666092,57052,Low
6,7,56,0.6005895288345245,2.087994421377424,77769,Low
19,4,27,0.8917379176351985,1.0255161736263627,66032,Medium
8,4,93,0.9867381999197141,4.913419148227426,108721,Medium
16,6,54,0.689717393314018,4.86298883927899,53686,Medium
13,6,47,0.8652188767213689,2.58062118988922,96981,Medium
1,3,23,0.896758530783486,3.913483417358584,118802,Medium
17,9,73,0.9393701516362098,2.3832243936417,83261,Medium
7,2,55,0.7690516788054437,3.684372628343904,22809,Medium
13,6,15,0.7211723622561717,4.221720172183916,61785,Medium
4,7,16,0.7301180536092124,4.787024978768963,56547,Medium
4,9,78,0.8850485332394051,2.600849103398688,62818,Medium
6,3,12,0.9267117866022544,4.133191931824191,91927,Medium
19,3,28,0.672645587102641,2.063713802528475,85681,Medium
12,7,96,0.7483764032631061,4.961329215174594,99465,Medium
7,4,45,0.96077607869966,1.1030783950574046,109862,Medium
10,8,40,0.9226774078778957,3.414115226004484,115527,Medium
19,7,89,0.9939433611049904,3.6380239266053085,57333,High
7,5,76,0.9016993038728323,3.7521822282965154,36576,Medium
3,7,59,0.757278080411169,1.481550315156356,59405,Low
13,3,13,0.8362551335978551,4.754119133892521,114000,Medium
13,2,51,0.8644057016989282,1.7247331162003312,93779,Medium
18,6,19,0.6313823265268496,3.4910136129593643,51601,Medium
8,2,52,0.817798783641546,1.8907043164923398,87946,Medium
9,3,86,0.8837283313890438,2.2288656680850836,87356,Medium
7,6,46,0.6669285216004242,3.1858341669124974,72116,Medium
1,5,64,0.9122526869702229,2.668773674258306,82894,Medium
3,8,88,0.8335091122056446,1.6409024039060252,54635,Medium
13,9,74,0.9808887142790379,1.6837456096833932,27465,Medium
17,3,16,0.6169689192827567,2.6725791526511986,76754,Medium
1,3,6,0.7061304550221867,4.0291319131020025,117975,Medium
6,3,11,0.8406215517199296,4.591858587391155,112850,Medium
6,6,84,0.7186239648823722,1.3365106490375314,105119,Low
12,1,7,0.8857696656284968,2.5724156302376042,112691,Medium
13,7,7,0.9036021130087724,1.4009822548915065,58871,Medium
13,1,31,0.6410063856265897,1.0663699225303915,82874,Low
15,5,44,0.8055417856827071,3.6468747305758265,97733,Medium
16,8,37,0.8035562222364223,3.409797767866351,49511,Medium
11,4,96,0.7477123080862165,1.6520764552595448,100960,Medium
5,5,5,0.9731699450278688,1.9352513323722564,68821,Medium
4,4,12,0.9310025279492885,1.0948310145780735,85776,Low
3,4,36,0.8788837527638547,4.339788822777615,90167,Medium
19,8,52,0.885730654293999,4.898762384194206,95135,High
18,2,8,0.7846864575252477,1.5418381471787632,64462,Medium
15,1,98,0.9683978084386303,1.9259008550611925,81382,Medium
9,3,74,0.8778381709013141,4.473638095787736,110194,Medium
17,9,23,0.8915924246623266,4.705855191824739,52574,High
14,4,36,0.9446763615149381,2.6785095312272413,61910,Medium
15,5,13,0.7096286357368764,1.2024898890762965,93531,Medium
1,2,16,0.9228283615466812,1.1575673347712776,45186,Low
3,4,15,0.6780962411825968,3.2957994642760418,114781,Medium
16,2,50,0.7381367808979551,2.571580435572716,42813,Medium
11,2,20,0.734244181707937,1.114609710310618,98812,Low
12,4,5,0.9914101873556562,3.333009569250227,105525,Medium
10,6,67,0.9426148894991707,1.0452101463560899,98282,Medium
16,7,25,0.8804679446361039,4.149487832597092,38557,High
8,3,34,0.8908227046461561,2.2257312908134863,48060,Medium
6,3,17,0.8248291177610284,1.1610320120369284,78866,Low
12,6,38,0.9788362668434076,3.3534088839326133,92104,Medium
8,3,8,0.7985035011529447,2.5907376577322188,104577,Medium
4,2,32,0.7522070839479578,4.8952016534285985,26080,Medium
8,8,99,0.6652141347726364,3.1767946500148088,33854,Medium
18,5,63,0.9144822609044232,2.100956724148033,87695,Medium
5,1,31,0.8937775728302366,3.837755458535899,47025,Medium
9,3,73,0.7537420154096539,2.0859680101708453,72982,Medium
4,8,29,0.6100773655836917,4.61697316563026,61081,Medium
17,4,7,0.9355989310872043,2.4988878820295057,24368,Medium
9,7,72,0.6045671933816295,3.199474251104821,119621,Medium
1,2,29,0.8814799118516203,1.2022924152969154,47094,Low
13,7,24,0.9881028438904228,2.704484951808923,66040,Medium
16,5,38,0.7750645312592814,4.32945415864398,86766,Medium
13,5,30,0.6939893619983811,4.222595221453368,103053,Medium
14,6,9,0.8819484040173526,1.897274235414105,43991,Medium
3,9,65,0.926851256806234,1.9043162840422507,21301,Medium
6,6,96,0.818572126431139,4.269221248852947,48610,Medium
18,8,97,0.9868141101024585,4.721593680677302,101463,High
19,7,13,0.6206674886631844,1.3814436850920142,54678,Medium
5,9,54,0.8019182393218113,2.800234557704901,44466,Medium
15,4,10,0.88738157892902,2.349817115856916,100440,Medium
2,2,87,0.9450561884596715,4.482753821829757,60875,Medium
10,7,64,0.671702244763116,1.334099658720075,46081,Medium
18,6,48,0.9200013927054725,1.8445037702321496,44354,Medium
13,1,15,0.8210828302874181,4.009873350345977,113297,Medium
5,9,70,0.7586214727959852,1.2051753959248623,38300,Low
1,9,51,0.6526860114316374,2.970141522857157,84384,Medium
1,2,77,0.946118303563565,2.76842813871888,115027,Medium
18,3,89,0.6629092832718861,2.3376047159549946,80892,Medium
15,5,92,0.7239151436836397,2.578289261275695,55525,Medium
17,5,90,0.7160182127849748,3.1197623477209317,46532,Medium
11,1,7,0.9485656136763417,1.6454694335535325,26464,Medium
17,8,80,0.8690811976835592,3.287983513134371,36562,Medium
13,8,96,0.918672558876549,4.221729317199945,75514,High
1,4,34,0.7001871595169996,4.040643719160636,94219,Medium
2,7,94,0.8499496398427996,1.6155996187750947,52634,Low
9,3,25,0.8286983932574995,1.5969978789658956,20060,Medium
3,6,32,0.9331321507153084,2.0726974709796533,29269,Medium
1,9,94,0.9624348241925043,2.444298905364149,83143,Medium
16,1,66,0.6048627085909547,2.6338223256339304,43065,Medium
6,5,37,0.8696079676235171,3.718788867333381,22895,Medium
17,4,89,0.6207343196478916,1.2267217286633416,100859,Medium
5,8,39,0.8195434660309424,1.1386908169042655,32352,Low
5,1,56,0.7150530916174713,2.567642251775636,69737,Low
6,9,38,0.7227106398088565,3.788654768551922,116426,Medium
3,6,45,0.7411834013809426,1.7737413718259303,52016,Low
5,4,55,0.8485169796198441,3.566017925025007,81304,Medium
5,9,51,0.7336199862675077,2.039312551761198,31962,Medium
10,5,86,0.8930796202361122,4.544344435254065,53302,Medium
10,5,62,0.7618109542295479,4.582759777066466,105382,Medium
19,5,79,0.6273412801239834,2.189148817125306,24011,Medium
17,1,61,0.9135039369936429,1.919975015852962,39782,Medium
14,1,27,0.7143033298370824,2.645215888264925,87691,Medium
9,8,52,0.773106751839705,1.9621263407205949,59725,Medium
14,8,26,0.8741775532887606,3.6895353731668146,29196,Medium
1,6,21,0.7329824628594848,4.304258738193142,63459,Medium
19,4,73,0.6226342624586862,3.692368523644868,107245,Medium
13,2,15,0.7495684188051255,4.297401788997398,98863,Medium
13,2,98,0.9777794330777214,2.5879686488298965,52769,Medium
4,9,19,0.8566937589194232,1.6252678828354434,44700,Medium
1,5,95,0.8685916594668828,3.9518037895903686,100356,Medium
17,4,39,0.8529128614550558,2.4418980205662155,96427,Medium
8,1,37,0.6795968555837747,3.68508330091653,25269,Medium
2,7,88,0.767333545640912,2.0825757679270627,63880,Low
8,3,20,0.9003759193453273,1.3249185392266907,28320,Medium
7,6,38,0.6405491590212636,4.9703271819510535,69589,Medium
2,5,70,0.7111411104358849,1.6248060317223971,96276,Low
3,5,44,0.7105276433863414,4.953683975853924,55897,Medium
18,5,32,0.7728075710378024,4.90911973026579,78565,High
12,1,51,0.992147496376874,4.175272415632159,50930,Medium
1,1,43,0.6270010186735288,3.6376918483279903,77233,Low
12,3,74,0.807480397752238,3.311228201004339,102821,Medium
5,4,77,0.6717458728048842,4.464406181511339,34380,Medium
17,5,24,0.9882706181638976,2.1577580864779518,96896,Medium
16,2,5,0.6453214018909856,2.870724849939508,90934,Medium
15,8,76,0.7614404009446365,3.4775598774660077,75830,Medium
15,2,91,0.8951539939338424,2.6447619034779644,25529,Medium
5,9,67,0.8818217712109782,2.709945816361072,114598,Medium
14,2,71,0.7690914547575729,2.3211386700083376,102987,Medium
2,9,8,0.7386096671810873,3.256927266738144,69178,Medium
11,7,62,0.7590449514211483,4.402298112060464,26937,Medium
19,8,29,0.7057105052634557,1.8061135120252514,59886,Medium
7,2,51,0.6821331754827199,4.737732155013766,69699,Medium
6,7,42,0.793215879023556,3.7563506149929187,96396,Medium
2,6,19,0.7074135024270429,4.293092850720121,110678,Medium
6,4,67,0.7149846659589001,3.2247627705200466,45279,Medium
18,7,25,0.8627024253898228,4.1180668056962535,58106,High
2,4,61,0.9874149326799568,1.0648015893578688,99737,Low
18,2,57,0.84145488022375,4.273521699118141,60544,Medium
15,7,50,0.6307917868259865,1.160555436341466,28997,Medium
19,8,18,0.6302334455416267,4.55965350545145,105711,High
2,2,80,0.9805692883382264,4.967850988954574,60860,Medium
6,5,21,0.7189163161229335,2.1762698487071113,23225,Medium
1,1,43,0.6368267944329902,1.8412742251431746,79470,Low
15,7,13,0.8396178348601526,4.061453455432163,83656,Medium
10,8,81,0.8494595113161064,2.012105363681013,71880,Medium
19,6,83,0.8594019280474752,4.462249532688814,81078,High
17,5,86,0.7069608111430166,1.4113703686299068,108646,Medium
5,6,10,0.60604427368579,1.503820785517433,96290,Low
4,2,95,0.9860061477817887,4.916606220402462,76633,Medium
10,1,27,0.700357218276441,3.6953555930800186,46655,Medium
17,7,63,0.870410515221019,4.387548897715812,63601,High
10,7,95,0.8826519479514838,2.297317509406072,23114,Medium
17,2,50,0.8440029668317943,3.7059349980824177,46502,Medium
5,2,42,0.7251629576854592,3.376967309234389,69768,Medium
2,1,18,0.7084385015056263,3.412600480491788,68128,Medium
6,8,76,0.8390673130810813,3.7301298381508863,40028,Medium
2,8,66,0.9464382534446766,3.3014366925163943,75565,Medium
13,1,39,0.9786934915693583,2.716249477210664,103123,Medium
11,8,23,0.642362321761503,2.1036907775221874,55333,Medium
11,9,34,0.661931445039088,4.074325323652808,23174,Medium
16,4,82,0.9778945035132318,1.9050897200127448,55398,Medium
11,1,88,0.894614091333917,3.7694172246176567,55929,Medium
19,1,29,0.9531975299319092,1.9333312905973066,24321,Medium
15,3,44,0.6810530536541373,3.5013206798178156,115971,Medium
16,5,92,0.8350343484437608,3.9883130685161157,75421,Medium
11,5,18,0.8804558377669894,1.8748555556261568,92635,Medium
16,9,30,0.872044754178789,1.2397732034452331,43760,Medium
8,2,91,0.7632606763466793,1.5238949719766963,31360,Low
4,2,26,0.6061579566765234,3.423987869084102,30313,Medium
8,6,52,0.8331704227217053,4.397785624902943,105998,Medium
4,9,87,0.7012406156718435,1.1799872849416975,25801,Low
3,1,55,0.7801016984571562,3.936605036166585,34130,Medium
3,9,7,0.9830324060335269,2.3652745838002085,34271,Medium
18,9,46,0.7596141270569738,2.91411347967809,36075,Medium
19,9,23,0.9359206426657707,4.7154381993822625,38984,High
19,5,77,0.6754162422997004,2.327886018943382,108095,Medium
5,9,32,0.8689841992100116,2.861347735757944,80942,Medium
18,4,88,0.9908027817755773,1.0547296590427244,32861,Medium
10,2,49,0.6407572403491747,1.3263948800193535,118970,Low
6,6,75,0.6033279768908768,2.034366364539136,102203,Low
1,4,82,0.7734331170530457,1.1114089632842976,91376,Low
5,6,67,0.6370501932205469,3.525501304193004,81247,Medium
9,3,77,0.8993537398704925,2.70559342720649,89101,Medium
12,6,23,0.9658194655394235,3.192580810912088,40977,Medium
14,2,51,0.7736083890835035,1.6985887435853182,70617,Medium
2,2,18,0.7034846568621764,2.1837281177464645,77473,Low
17,9,42,0.7737613276026439,3.6552978994109004,106654,Medium
14,7,57,0.8893791271400004,4.8612108945216,108177,High
13,3,65,0.6036216646321484,1.2016670944088368,92902,Low
9,1,40,0.8357815957938789,4.561537283421064,112172,Medium
15,8,44,0.8453166739549516,3.307524805244834,35630,Medium
15,6,85,0.8550752987583742,3.255678267022495,40056,Medium
11,7,34,0.6968088319923509,3.0011141408310413,27382,Medium
16,9,13,0.8856210893512506,1.2775763436167336,75739,Medium
17,5,68,0.6365565945327105,1.3595074069446427,101685,Medium
4,1,37,0.6797081345867203,3.4036480226363444,68639,Medium
1,7,56,0.9509880186617927,2.363834285742233,79838,Medium
8,5,93,0.8954892602906266,4.669072266310723,66041,Medium
17,3,18,0.605498221604538,2.626362149437889,20992,Medium
3,9,79,0.6993505041479201,1.5731258348105643,92394,Low
15,1,57,0.6857625931972658,3.858875334008144,87657,Medium
15,1,63,0.708322531214789,2.1734136857640394,47160,Medium
14,1,82,0.6990239081119546,3.1018812294235727,65156,Medium
14,3,98,0.6250105182971383,3.79133114202068,71375,Medium
2,6,45,0.7835762066387282,4.601056444808282,106442,Medium
13,3,72,0.893093389914466,4.168764779206704,39572,Medium
14,8,72,0.8426926898869745,3.7054442714908964,24136,Medium
19,2,96,0.8691486674392319,3.7185327295805743,81868,Medium
7,9,12,0.6324596714144957,4.783698576128346,102263,Medium
3,3,6,0.9805962840707149,2.183296389986144,52167,Medium
15,5,90,0.93539673353721,1.0044483767847496,35479,Medium
14,8,45,0.9220361273982651,2.0878182375927947,51376,Medium
11,2,59,0.929193522016707,1.871565518506976,24823,Medium
15,6,20,0.9730842032531045,3.6473383404559927,90456,Medium
13,5,97,0.8177015864454791,3.534846399062116,39585,Medium
18,9,66,0.6801128071470504,3.3738455308188953,37272,Medium
6,5,52,0.8467134431410165,1.0649737728378148,46619,Low
3,2,34,0.8971525974671756,3.91511221780259,95069,Medium
19,5,16,0.8951669573416101,2.294121649941966,59895,Medium
15,4,39,0.808579609666752,3.6602239560265244,23720,Medium
5,7,15,0.6273834877334312,3.2263137140086133,39267,Medium
10,6,68,0.7484451753720511,2.3709237017116287,35696,Medium
7,2,54,0.9683066433853429,1.538305068416431,49968,Medium
17,5,89,0.8337795639029704,1.3776755906419238,73364,Medium
7,7,25,0.8153327773022854,4.326073332448894,43345,Medium
12,7,73,0.7075414057528774,4.673590168326232,71567,Medium
17,5,52,0.7473795679666315,3.5991521870571983,111229,Medium
13,9,24,0.9581384356612677,1.4137364594419335,81607,Medium
4,4,71,0.8665852190107343,2.608108867552963,39385,Medium
10,3,48,0.9149548107009331,3.915756800420629,103658,Medium
3,4,37,0.7817381692270621,4.119283536040273,86900,Medium
9,5,77,0.8520988877824631,1.4728744891643544,88244,Medium
13,6,65,0.699353443497283,1.0001228753815297,85425,Medium
18,3,13,0.8821843321133944,3.84854818352242,98518,Medium
15,2,72,0.7710405334813349,2.4263847039448225,102844,Medium
4,4,39,0.7770182059258982,2.017925326473041,52919,Low
15,5,85,0.8597289298307527,1.0515898791581018,110697,Medium
2,4,92,0.9745122485875707,3.1611976270459987,77196,Medium
15,3,69,0.6256025386434484,4.404602941703927,99401,Medium
8,8,12,0.929897294938803,4.830526585090352,20495,Medium
8,4,49,0.7169532441648773,3.262979802453157,64755,Medium
17,2,91,0.7775677818025512,3.0578453109595767,87684,Medium
12,2,51,0.6087653315100036,1.3402255419569644,53324,Low
19,1,44,0.7204184311337252,3.195491206170399,98929,Medium
10,4,80,0.8010524970520522,2.5199163158615785,21552,Medium
9,9,58,0.6224704309389756,3.4285411235343077,71272,Medium
5,7,80,0.7964382917532661,2.554905391506187,55853,Medium
6,7,50,0.970844251543371,1.961196493801467,52924,Medium
2,7,51,0.642157287243122,1.379861100913506,94462,Low
13,8,19,0.9057762912302018,2.259673778355583,116387,Medium
6,1,23,0.763868421350397,1.3865793371510091,43889,Low
5,8,30,0.8620694858097352,1.7075878032959357,74675,Medium
1,4,56,0.7040946391940918,4.949344634318184,93591,Medium
6,4,97,0.6637969050165433,2.7764142276264745,90190,Medium
6,4,26,0.6641850457084906,3.127487066020066,42634,Medium
16,6,25,0.6281967782572578,4.494474114948861,52363,Medium
4,7,55,0.6742586819604972,4.982275601962751,83752,Medium
11,6,42,0.8656877539955873,3.330857797378726,97004,Medium
9,1,24,0.9526762447374032,4.249895284176686,76398,Medium
3,8,33,0.9256502742364647,2.307764097346701,118458,Medium
19,7,55,0.8740537239497936,2.2229758297891644,60718,Medium
8,6,8,0.644172745364441,2.610814883978241,102916,Medium
5,6,59,0.7156749785183799,3.6900290506945965,46870,Medium
4,5,75,0.7239227501289875,3.728766757020395,57394,Medium
6,6,96,0.6999827785590484,2.2609577385978032,72057,Medium
2,9,32,0.8060022638838893,1.5328396965465148,99795,Low
11,9,8,0.814221525951869,3.5295850258620343,100409,Medium
4,8,26,0.7427543900684441,1.513303448755058,33016,Low
15,9,80,0.7415156634945744,3.3139700329173203,62137,Medium
6,8,49,0.9314222391624325,3.773688512225236,20153,Medium
17,8,71,0.9157171393278742,3.8024459855778066,27853,High
6,1,90,0.7231183326722983,4.013888442638387,32379,Medium
19,5,70,0.9655153775493037,4.491437686262659,35792,High
2,4,92,0.9811260068010024,2.9998359678591537,58367,Medium
15,2,38,0.7306970168120164,3.9209967581182847,38100,Medium
11,8,95,0.7417699795172219,3.476690941463347,83456,Medium
8,3,59,0.8022536613687835,1.7465597591907303,31049,Medium
19,4,5,0.9764483250134695,1.1027585794776327,20786,Medium
13,7,76,0.9505277732569246,2.138165542707735,89904,Medium
12,9,91,0.6410271850334359,2.7721348253504776,50699,Medium
5,2,42,0.7570922973085665,3.468423777714625,67691,Medium
6,3,10,0.8213484758999088,4.3998373220128215,57040,Medium
4,4,90,0.801252989020616,1.7849828668246626,112990,Low
19,1,29,0.6775452271747571,1.5021991595939084,77986,Medium
1,7,86,0.9435267084672618,4.85391978989731,58762,Medium
17,2,21,0.8707763131987349,1.4321782375056284,43600,Medium
12,5,65,0.9351633499407215,2.9139642804287567,114774,Medium
15,1,16,0.9435057117397889,3.3422549151732075,110777,Medium
1,3,10,0.8993423414662959,3.165497683629753,39810,Medium
14,2,94,0.7756842404998869,1.3441286281317728,105703,Medium
6,1,31,0.8442187020061698,1.2281076560144775,107347,Low
5,7,12,0.6641461624478973,1.4219337098441427,77204,Low
11,5,87,0.869458166989963,3.34235073549045,40085,Medium
4,1,69,0.6717013022957122,3.1773795505372844,66854,Low
13,6,61,0.8775798362040628,1.934963168146977,94797,Medium
11,5,97,0.6918392643015875,3.5510965673823662,104269,Medium
3,3,44,0.6470205200600879,4.2802700082225975,59779,Medium
1,7,18,0.6661137960571829,1.166315839386375,76207,Low
6,9,39,0.6007968540876281,2.9925197741921696,114615,Medium
18,9,52,0.887495847141412,3.757241648410761,53980,High
10,9,88,0.8929604196233516,2.0092477082787483,76117,Medium
5,2,60,0.8059733399653037,2.2310836211725964,34141,Medium
10,3,53,0.6645451204221534,3.4545516119575352,29344,Medium
12,7,17,0.6334217350042759,4.591741173774947,35896,Medium
2,5,65,0.6076515865749148,4.239697681211597,109353,Medium
13,2,53,0.6662992707860883,3.332520876398334,49813,Medium
8,3,50,0.9563422139932587,3.920886871028997,104431,Medium
2,6,66,0.6966147366806728,2.4592898808311947,85679,Low
1,7,12,0.7417085308868863,3.563862112395031,30681,Medium
5,9,47,0.6421381937925332,2.864726364510228,92903,Medium
9,1,24,0.6889445218992681,1.7597445458302436,23228,Low
17,7,94,0.807689828312082,3.8069530955090287,24582,Medium
9,8,43,0.843101073238261,3.225858549395288,98683,Medium
11,3,89,0.6981409256664844,2.4344863278143656,31397,Medium
15,4,53,0.6230928636900469,4.645356760314523,58799,Medium
6,6,68,0.7564131476509595,1.083736471306933,57011,Low
3,7,66,0.6936813483705336,2.263092604997984,99183,Low
17,4,58,0.6878215692919207,1.2275255911105862,113254,Medium
5,8,13,0.9839451210853821,4.066109264886508,64264,Medium
12,5,92,0.8465201943702896,3.8084298164551704,62317,Medium
18,1,41,0.8227513772688384,2.325408874945268,67914,Medium
14,4,53,0.7663100414093288,3.702651608828292,104633,Medium
11,3,45,0.7715777333720577,2.5837489047837994,65254,Medium
9,9,21,0.8163620015352323,4.025015165689737,60096,Medium
2,8,92,0.8785719228144429,2.8167346509468243,73785,Medium
12,1,25,0.8808584384727318,2.649118911326662,72344,Medium
3,6,55,0.6686775630821798,4.738919661953204,102643,Medium
3,9,63,0.8000451008306508,2.003516399562801,88546,Medium
1,7,43,0.7647832380136408,1.4817893599862617,91091,Low
8,4,59,0.9482107865077537,3.3381724530378327,85603,Medium
8,1,45,0.8525675684873506,4.877287249136716,48412,Medium
11,2,43,0.8130016265663927,2.5113568549087466,71658,Medium
9,5,17,0.6461578568715669,1.248147054515126,119841,Low
5,5,68,0.8422551557293646,2.35722106923827,69549,Medium
14,8,15,0.6468815622720934,3.0237266172782338,31549,Medium
3,6,23,0.7348826302263008,1.6476920265288548,91216,Low
5,8,15,0.6571367859257328,3.632408872225968,45739,Medium
5,2,81,0.8768294588097476,4.990997556040803,41209,Medium
19,3,50,0.682500845534461,2.8069579039257753,107968,Medium
14,6,49,0.7567437492752104,2.4189142269208506,35116,Medium
4,3,5,0.9582699110475115,2.6028166673378665,40045,Medium
13,6,44,0.6817265533595881,1.4605847135808046,46327,Medium
10,6,23,0.8031220255835116,4.533094405704896,55709,Medium
18,2,80,0.7677086644664088,2.659302622085408,63617,Medium
8,7,76,0.6072496164182919,2.5490976456993653,80139,Medium
8,2,76,0.9171032454291251,3.6387610917218973,46905,Medium
7,6,65,0.6276183625258399,2.768133683724494,84148,Medium
8,1,16,0.7897020083907814,3.592933875231384,92603,Medium
14,3,65,0.82427131797558,1.24578516052315,118095,Medium
19,2,37,0.8513705826458349,4.25489337488891,62919,High
6,7,49,0.8754526517231502,4.76201581151761,103521,Medium
1,4,94,0.701308953409086,3.595061544637544,112905,Medium
15,8,96,0.6039915106633797,4.8182637154352435,103400,Medium
1,6,73,0.8893774649419648,1.6057292574798532,108150,Low
17,4,12,0.8142626397390315,2.9096647579214148,78446,Medium
1,5,29,0.9344470812828995,3.407226935781789,72428,Medium
15,9,95,0.9285553451602777,3.3269465896847468,67894,Medium
2,7,50,0.9373304671151532,2.605847116356173,101149,Medium
14,9,91,0.7940378639918161,2.3523376374650455,26447,Medium
8,7,34,0.7334513583347463,1.5072960902016752,25499,Medium
8,1,51,0.916623281036548,2.5669698022491128,59041,Medium
19,8,91,0.780517645211702,1.6506432604219405,51315,Medium
7,4,53,0.6733768785613737,3.9374627059688736,21299,Medium
19,3,51,0.9419896078245897,1.83532374197836,24994,Medium
6,7,88,0.9530239507089389,1.2342612211381354,115414,Medium
6,3,86,0.7865239024560681,3.2094645512689373,101163,Medium
3,8,22,0.630279890923915,3.3809189308776064,27489,Medium
7,6,70,0.7551304359667725,4.487652245122022,111647,Medium
19,5,72,0.9214150637850413,3.3079264496707275,52355,Medium
8,4,98,0.9607096114184914,2.381923414893783,93805,Medium
10,8,37,0.6813890969990384,4.212047526105282,88367,Medium
15,8,40,0.6267894448101086,3.1611155727496842,97355,Medium
15,1,86,0.9509401812531355,1.317121138524767,110349,Medium
1,9,23,0.7557619755915501,3.2634022412529866,107173,Medium
7,5,32,0.8167043857070253,4.632074181686649,21996,Medium
4,4,44,0.9872263248203036,2.585250501992882,64387,Medium
6,6,88,0.6266258911656891,2.1853032075992003,23089,Low
1,6,80,0.8593272029808382,1.5738778280720802,118827,Low
5,2,19,0.6296421690299469,1.6057820877414293,40659,Low
1,8,45,0.7501875713866002,2.7310859373672756,65178,Medium
4,7,43,0.9215258180773787,3.382719296646118,115965,Medium
2,1,6,0.7733888931022538,1.322461620678407,101268,Low
10,5,67,0.9988729415611801,4.758274356100663,105042,High
5,6,33,0.8236237139786409,4.020534469780784,90726,Medium
10,4,78,0.7284648610543814,3.3464956731346507,90111,Medium
1,2,70,0.6880445303619013,4.313754683755963,54565,Medium
6,4,55,0.7402082137144648,1.3207470272484532,109242,Low
13,1,79,0.7490133095038203,2.9073555109324976,42884,Medium
15,7,81,0.6274854710895844,3.5203725074466536,37199,Medium
4,2,14,0.7478296797707092,4.314611624473157,80038,Medium
13,2,18,0.7856954078956899,4.13387824019707,77786,Medium
15,9,86,0.8890951008955219,2.1082769988535985,69294,Medium
8,5,55,0.8626917938886431,4.763520678236818,98015,Medium
5,2,77,0.8835062620916616,1.4973833657234814,54178,Low
15,9,43,0.6033454727507428,4.500534474484608,32665,Medium
4,9,32,0.6870669598322144,4.883760998418474,20534,Medium
12,1,7,0.8646737153599426,1.7086140928905023,111828,Medium
13,3,88,0.7935957472718989,3.888264256815141,56132,Medium
2,4,74,0.6021253902673384,1.1611420751119939,56110,Low
19,7,31,0.921797856972729,2.62169130055662,78754,Medium
19,4,6,0.909123829316135,3.065133196790696,83580,Medium
4,2,97,0.8193676651974251,3.3225809036385363,42469,Medium
4,7,42,0.6265853303105088,4.743748992994238,84016,Medium
11,6,7,0.9066060198130339,3.6890027491767787,66233,Medium
5,3,20,0.8334854350925456,2.925111804876948,86708,Medium
11,6,98,0.9127839908631836,4.238700145063557,78232,Medium
10,6,44,0.9006987969583362,4.802131283817635,113450,Medium
8,5,6,0.9212008287831348,1.0882645947291634,106437,Medium
6,4,85,0.80720322656185,4.930085089024155,54409,Medium
6,1,45,0.656129807277406,1.3445285562547213,39324,Low
8,6,16,0.8684629893518754,4.257547117075045,28738,Medium
15,2,39,0.8481895140207882,2.12133901020565,44054,Medium
14,3,69,0.8969012748796348,1.528718631015487,49709,Medium
11,8,59,0.6679524024202941,2.7594225588553396,105643,Medium
12,6,49,0.6779900799601157,3.575826317790454,20363,Medium
13,3,83,0.9561638068877314,2.5238073800939,30358,Medium
8,7,94,0.8999911193808283,1.2182616331307958,23240,Medium
18,4,89,0.9632913954801292,3.3978445586348665,92201,Medium
1,9,66,0.9034861284655683,4.609613104442699,65689,Medium
15,5,53,0.8388621223961208,2.532861463789007,21936,Medium
8,3,99,0.8616530948111494,1.8653311105233081,111074,Medium
11,2,29,0.9556511695760039,2.7703093837312616,63965,Medium
12,2,27,0.8315227018047762,1.1934508441951235,97534,Medium
12,3,28,0.8529565297313549,4.281950337921099,20882,Medium
4,2,42,0.6625906864014403,4.3053632438007465,40224,Medium
16,4,32,0.7895684880464411,3.3520018537185137,50825,Medium
4,2,25,0.8865588447832395,2.412411555753558,90740,Medium
5,9,58,0.7083770793265461,4.199133457783134,48885,Medium
5,2,22,0.680901672209814,3.2187480991534687,60056,Medium
8,9,40,0.7255307232897662,4.303729234200064,23203,Medium
10,6,49,0.6966002511971334,3.5258351703320825,80241,Medium
17,1,77,0.6859650548145584,4.13762189285119,22244,Medium
9,4,57,0.7699403371472348,3.39425197287104,118322,Medium
19,1,34,0.9631354055534136,2.656564272862665,88619,Medium
14,6,64,0.8028238586954873,4.83178343970455,41584,High
8,4,36,0.6751681523261293,3.164455299515379,28521,Medium
9,3,71,0.6307886677523497,3.4203580741621535,70017,Medium
11,3,71,0.8784624580551701,1.881950557658997,53541,Medium
1,9,32,0.7531195057745551,3.502603157709106,49063,Medium
14,6,48,0.9287323786341437,3.2864305979317754,90268,Medium
5,9,83,0.863804307456308,1.7393535917880998,84952,Medium
14,5,45,0.9184965802165475,1.2383483894125749,113054,Medium
4,2,67,0.7087784157673795,3.4174372788590843,59563,Medium
1,8,27,0.8769435689844232,4.054769077401282,59752,Medium
19,5,79,0.7056247938774876,3.093605483688033,115233,Medium
8,2,52,0.9756273917801166,1.9070905012785828,22567,Medium
15,4,36,0.8545497126133497,3.6660879067721397,36121,Medium
15,9,61,0.7298047200701369,1.320422906438409,21674,Medium
9,4,37,0.707804744916909,2.7673348192078184,96411,Medium
9,4,28,0.6763706340286574,1.6534670335936807,86275,Low
10,2,43,0.8778563835574911,1.7378362042395334,87081,Medium
9,6,38,0.6874862451991709,1.8091757966328146,49140,Medium
3,2,60,0.8381213063709956,2.5468282281759116,29327,Medium
11,7,32,0.705854010770143,1.2046008224815905,90663,Medium
6,3,41,0.8647875779175473,2.5911737637163927,43331,Medium
2,3,11,0.9259758914162157,3.0468297884588034,43004,Medium
7,5,72,0.9112100972578613,2.933177139865301,30492,Medium
18,3,41,0.9043405323723127,2.5311364016121622,74797,Medium
2,2,60,0.6750889622769009,4.3565864322830095,78095,Medium
17,9,69,0.6353539787938075,1.5813067696820164,33749,Medium
11,2,69,0.8795795313949542,3.022786975125496,83217,Medium
12,2,51,0.7473388855177405,1.2481656678262172,109044,Medium
19,8,24,0.7729384905613389,1.284622715511639,29045,Medium
7,9,23,0.6124596371173564,3.2954633987083852,40116,Medium
6,7,33,0.7038305797100197,3.264073699551284,38667,Medium
1,3,78,0.6134705615497856,4.512134051377828,95057,Medium
17,9,64,0.9516743090404991,3.2314947026402927,94205,High
11,3,22,0.6973586732874122,4.839164081619401,47302,Medium
18,5,96,0.8229348678292032,1.194779393599719,31283,Medium
17,9,39,0.6155917282644522,1.3920307391229643,50935,Medium
7,3,47,0.8667389565222632,1.1762634462815256,92534,Low
17,7,99,0.7292109383016375,1.74110740133416,114342,Medium
9,1,95,0.9591676747830663,3.1650804437667124,51624,Medium
17,4,15,0.9552472755736143,3.582288725709712,33440,Medium
8,4,53,0.7301162473446992,1.1823406317946752,66501,Low
17,7,42,0.9603843582761872,4.783883559382398,107333,High
7,8,68,0.9984630693995116,4.368661506601525,21269,Medium
1,1,73,0.9301662656495793,2.1864499286283725,27868,Low
13,5,12,0.9379485391020916,1.3087501209058718,50251,Medium
19,7,38,0.699603494443636,1.679548292876229,97909,Medium
19,4,52,0.8306809595431025,1.5077776550198907,104523,Medium
17,4,60,0.6269023655869471,1.4931351171957874,58729,Medium
13,4,80,0.6379671747286678,3.0742467546629357,35734,Medium
16,6,69,0.9995570448133162,1.9833897699736012,62429,Medium
8,7,35,0.7306556997703644,2.432558866116578,61337,Medium
19,2,8,0.8992735648195385,4.95802133353729,60325,High
18,5,54,0.9226660212107266,3.737256995701379,103600,High
1,4,73,0.9432093084028916,4.795922668188005,82514,Medium
14,3,34,0.9990513189608626,1.5702262201324624,28433,Medium
19,7,92,0.6965985941027472,2.528557899330277,29111,Medium
15,6,63,0.6161403307438799,3.218927213129417,83753,Medium
18,7,71,0.7644766071978344,1.307032247554952,100583,Medium
2,5,79,0.6520322679315788,1.0167497745118315,93620,Low
17,6,49,0.608970355664822,3.68173733518767,41751,Medium
18,5,8,0.7441707308565945,3.5672780672057414,36453,Medium
6,7,30,0.9134953004300945,2.643155239998447,105844,Medium
19,2,31,0.8264722764900283,2.9585763041281306,58968,Medium
4,5,50,0.7251111956841416,2.6617720023683584,50077,Medium
1,6,68,0.8617368021970879,1.0960201793795554,54775,Low
8,6,95,0.6928072721235243,2.3414864248698497,78144,Medium
7,5,55,0.605752578428834,1.7083290215891593,68570,Low
3,7,54,0.905741354574571,1.393696756405475,66097,Medium
10,8,10,0.8494972339456036,4.826881735557399,44503,Medium
